Nome,Ultimo_Episodio,Link
Oshi no Ko 3,Episodio 5,https://animesonlinecc.to/episodio/oshi-no-ko-3-episodio-5/
Okiraku Ryoushu no Tanoshii Ryouchi Bouei,Episodio 6,https://animesonlinecc.to/episodio/okiraku-ryoushu-no-tanoshii-ryouchi-bouei-episodio-6/
29-sai Dokushin Chuuken Boukensha no Nichijou,Episodio 6,https://animesonlinecc.to/episodio/29-sai-dokushin-chuuken-boukensha-no-nichijou-episodio-6/
Darwin Jihen,Episodio 6,https://animesonlinecc.to/episodio/darwin-jihen-episodio-6/
"Yuusha Party ni Kawaii Ko ga Ita no de, Kokuhaku Shitemita",Episodio 6,https://animesonlinecc.to/episodio/yuusha-party-ni-kawaii-ko-ga-ita-no-de-kokuhaku-shitemita-episodio-6/
Isekai no Sata wa Shachiku Shidai,Episodio 6,https://animesonlinecc.to/episodio/isekai-no-sata-wa-shachiku-shidai-episodio-6/
Mayonaka Heart Tune,Episodio 6,https://animesonlinecc.to/episodio/mayonaka-heart-tune-episodio-6/
Maou no Musume wa Yasashi Sugiru!!,Episodio 7,https://animesonlinecc.to/episodio/maou-no-musume-wa-yasashi-sugiru-episodio-7/
Osananajimi to wa Love Comedy ni Naranai,Episodio 6,https://animesonlinecc.to/episodio/osananajimi-to-wa-love-comedy-ni-naranai-episodio-6/
Golden Kamuy: Saishuushou,Episodio 6,https://animesonlinecc.to/episodio/golden-kamuy-saishuushou-episodio-6/
Vigilante: Boku no Hero Academia Illegals 2,Episodio 6,https://animesonlinecc.to/episodio/vigilante-boku-no-hero-academia-illegals-2-episodio-6/
Kirei ni Shitemoraemasu ka,Episodio 6,https://animesonlinecc.to/episodio/kirei-ni-shitemoraemasu-ka-episodio-6/
Jigokuraku 2,Episodio 5,https://animesonlinecc.to/episodio/jigokuraku-2-episodio-5/
Kizoku Tensei: Megumareta Umare kara Saikyou no Chikara wo Eru,Episodio 6,https://animesonlinecc.to/episodio/kizoku-tensei-megumareta-umare-kara-saikyou-no-chikara-wo-eru-episodio-6/
Akuyaku Reijou wa Ringoku no Outaishi ni Dekiai sareru,Episodio 5,https://animesonlinecc.to/episodio/akuyaku-reijou-wa-ringoku-no-outaishi-ni-dekiai-sareru-episodio-5/
Hanazakari no Kimitachi e,Episodio 7,https://animesonlinecc.to/episodio/hanazakari-no-kimitachi-e-episodio-7/
Majutsushi Kunon wa Mieteiru,Episodio 7,https://animesonlinecc.to/episodio/majutsushi-kunon-wa-mieteiru-episodio-7/
Seihantai na Kimi to Boku,Episodio 5,https://animesonlinecc.to/episodio/seihantai-na-kimi-to-boku-episodio-5/
Kaya-chan wa Kowakunai,Episodio 5,https://animesonlinecc.to/episodio/kaya-chan-wa-kowakunai-episodio-5/
Yuusha Party wo Oidasareta Kiyoubinbou,Episodio 7,https://animesonlinecc.to/episodio/yuusha-party-wo-oidasareta-kiyoubinbou-episodio-7/
Shibou Yuugi de Meshi wo Kuu,Episodio 6,https://animesonlinecc.to/episodio/shibou-yuugi-de-meshi-wo-kuu-episodio-6/
Odayaka Kizoku no Kyuuka no Susume,Episodio 6,https://animesonlinecc.to/episodio/odayaka-kizoku-no-kyuuka-no-susume-episodio-6/
